{
  "name": "adapt-contrib-trickle",
  "version": "2.2.1",
  "framework": ">=2.2",
  "homepage": "https://github.com/adaptlearning/adapt-contrib-trickle",
  "issues": "https://github.com/adaptlearning/adapt_framework/issues/new",
  "displayName": "Trickle",
  "extension": "trickle",
  "description": "A vertical locking extension",
  "main": "/js/adapt-contrib-trickle.js",
  "keywords": [
    "adapt-plugin",
    "adapt-extension"
  ],
  "license": "GPLv3",
  "targetAttribute": "_trickle",
  "_release": "2.2.1",
  "_resolution": {
    "type": "version",
    "tag": "v2.2.1",
    "commit": "16852cd08089111bdefe5e8169b5893aa90da38a"
  },
  "_source": "git://github.com/adaptlearning/adapt-contrib-trickle.git",
  "_target": "2.2.1",
  "_originalSource": "adapt-contrib-trickle",
  "_direct": true
}