{
  "name": "adapt-contrib-matching",
  "version": "2.2.0",
  "framework": ">=2.0.15",
  "homepage": "https://github.com/adaptlearning/adapt-contrib-matching",
  "issues": "https://github.com/adaptlearning/adapt_framework/issues/new",
  "description": "A question component that allows the learner to match the options to question stems",
  "main": "/js/adapt-contrib-matching.js",
  "displayName": "Matching Question",
  "component": "matching",
  "keywords": [
    "adapt-plugin",
    "adapt-component"
  ],
  "license": "GPLv3",
  "_release": "2.2.0",
  "_resolution": {
    "type": "version",
    "tag": "v2.2.0",
    "commit": "6111702663340169f93b8e68430cdbbe476f4909"
  },
  "_source": "git://github.com/adaptlearning/adapt-contrib-matching.git",
  "_target": "2.2.0",
  "_originalSource": "adapt-contrib-matching",
  "_direct": true
}