{
  "name": "adapt-contrib-hotgraphic",
  "version": "2.1.2",
  "framework": ">=2",
  "homepage": "https://github.com/adaptlearning/adapt-contrib-hotgraphic",
  "issues": "https://github.com/adaptlearning/adapt_framework/issues/new?title=contrib-hotgraphic%3A%20please%20enter%20a%20brief%20summary%20of%20the%20issue%20here",
  "description": "A component that enables a user to click on hot spots over an image and display a detailed popup that includes an image with text.",
  "main": "/js/adapt-contrib-hotgraphic.js",
  "displayName": "Hot Graphic",
  "component": "hotgraphic",
  "keywords": [
    "adapt-plugin",
    "adapt-component"
  ],
  "pluginDependencies": {
    "adapt-contrib-narrative": "*"
  },
  "license": "GPLv3",
  "_release": "2.1.2",
  "_resolution": {
    "type": "version",
    "tag": "v2.1.2",
    "commit": "faf0732c05c5ee67161adae72bd9259a3d55deba"
  },
  "_source": "git://github.com/adaptlearning/adapt-contrib-hotgraphic.git",
  "_target": "2.1.2",
  "_originalSource": "adapt-contrib-hotgraphic",
  "_direct": true
}