{
  "name": "adapt-contrib-vanilla",
  "version": "3.0.0",
  "framework": ">=2.1",
  "homepage": "https://github.com/adaptlearning/adapt-contrib-vanilla",
  "issues": "https://github.com/adaptlearning/adapt_framework/issues/new?title=contrib-vanilla%3A%20please%20enter%20a%20brief%20summary%20of%20the%20issue%20here&body=please%20provide%20a%20full%20description%20of%20the%20problem,%20including%20steps%20on%20how%20to%20replicate,%20what%20browser(s)/device(s)%20the%20problem%20occurs%20on%20and,%20where%20helpful,%20screenshots.",
  "displayName": "Vanilla",
  "theme": "vanilla",
  "description": "A core bundled theme",
  "main": "js/vanilla.js",
  "keywords": [
    "adapt-plugin",
    "adapt-theme"
  ],
  "license": "GPLv3",
  "ignore": [
    "**/.*",
    "node_modules",
    "bower_components",
    "test",
    "tests"
  ],
  "_release": "3.0.0",
  "_resolution": {
    "type": "version",
    "tag": "v3.0.0",
    "commit": "61c0201a5c04ea505d10700c44939191552e66f2"
  },
  "_source": "git://github.com/adaptlearning/adapt-contrib-vanilla.git",
  "_target": "3.0.0",
  "_originalSource": "adapt-contrib-vanilla",
  "_direct": true
}