{
  "name": "adapt-contrib-blank",
  "version": "2.0.1",
  "framework": ">=2",
  "homepage": "https://github.com/adaptlearning/adapt-contrib-blank",
  "issues": "https://github.com/adaptlearning/adapt_framework/issues/new?title=contrib-blank%3A%20please%20enter%20a%20brief%20summary%20of%20the%20issue%20here&body=please%20provide%20a%20full%20description%20of%20the%20problem,%20including%20steps%20on%20how%20to%20replicate,%20what%20browser(s)/device(s)%20the%20problem%20occurs%20on%20and,%20where%20helpful,%20screenshots.",
  "displayName": "Blank",
  "component": "blank",
  "description": "A simple adapt core contributed blank component",
  "main": "/js/adapt-contrib-blank.js",
  "keywords": [
    "adapt-plugin",
    "adapt-component"
  ],
  "license": "GPLv3",
  "_release": "2.0.1",
  "_resolution": {
    "type": "version",
    "tag": "v2.0.1",
    "commit": "4d28b1a11aa0aab8c701372989395bb435e7bcc4"
  },
  "_source": "git://github.com/adaptlearning/adapt-contrib-blank.git",
  "_target": "2.0.1",
  "_originalSource": "adapt-contrib-blank",
  "_direct": true
}