{
  "name": "adapt-contrib-assessment",
  "version": "2.2.0",
  "framework": ">=2.2",
  "homepage": "https://github.com/adaptlearning/adapt-contrib-assessment",
  "issues": "https://github.com/adaptlearning/adapt_framework/issues/new",
  "displayName": "Assessment",
  "extension": "assessment",
  "description": "An extension which attaches to an article object to group various question components and provide a score with feedback",
  "main": "/js/adapt-assessmentArticleExtension.js",
  "keywords": [
    "adapt-plugin",
    "adapt-extension"
  ],
  "license": "GPLv3",
  "targetAttribute": "_assessment",
  "_release": "2.2.0",
  "_resolution": {
    "type": "version",
    "tag": "v2.2.0",
    "commit": "ee4b11a5e5e1f4d840999af35f2ba1487e769fdd"
  },
  "_source": "git://github.com/adaptlearning/adapt-contrib-assessment.git",
  "_target": "2.2.0",
  "_originalSource": "adapt-contrib-assessment",
  "_direct": true
}