{
  "name": "adapt-contrib-pageLevelProgress",
  "version": "3.1.0",
  "framework": ">=2.2.0",
  "homepage": "https://github.com/adaptlearning/adapt-contrib-pageLevelProgress",
  "issues": "https://github.com/adaptlearning/adapt_framework/issues/new",
  "displayName": "Page Level Progress",
  "extension": "pageLevelProgress",
  "description": "An extension to show a learner's progress through a page via a progress bar displayed in the top navigation area.",
  "main": "/js/adapt-contrib-pageLevelProgress.js",
  "keywords": [
    "adapt-plugin",
    "adapt-extension"
  ],
  "license": "GPLv3",
  "targetAttribute": "_pageLevelProgress",
  "_release": "3.1.0",
  "_resolution": {
    "type": "version",
    "tag": "v3.1.0",
    "commit": "1f63cc22eaccdb66c7593b43479bb7959e1bf275"
  },
  "_source": "git://github.com/adaptlearning/adapt-contrib-pageLevelProgress.git",
  "_target": "3.1.0",
  "_originalSource": "adapt-contrib-pageLevelProgress",
  "_direct": true
}