{
  "name": "adapt-contrib-languagePicker",
  "repository": "git://github.com/adaptlearning/adapt-contrib-languagePicker.git",
  "framework": ">=2.0.14",
  "version": "1.0.8",
  "homepage": "https://github.com/adaptlearning/adapt-contrib-languagePicker",
  "issues": "https://github.com/adaptlearning/adapt_framework/issues",
  "displayName": "Language Picker",
  "extension": "languagePicker",
  "description": "An extension to select a Language",
  "main": "/js/adapt-languagePicker.js",
  "keywords": [
    "adapt-plugin",
    "adapt-extension"
  ],
  "license": "GPLv3",
  "targetAttribute": "_languagePicker",
  "_release": "1.0.8",
  "_resolution": {
    "type": "version",
    "tag": "v1.0.8",
    "commit": "29bf71a865de5798ba74d325f4aae369c251340f"
  },
  "_source": "git://github.com/adaptlearning/adapt-contrib-languagePicker.git",
  "_target": "1.0.8",
  "_originalSource": "adapt-contrib-languagePicker",
  "_direct": true
}