{
  "name": "adapt-contrib-accordion",
  "version": "2.1.2",
  "framework": ">=2",
  "homepage": "https://github.com/adaptlearning/adapt-contrib-accordion",
  "issues": "https://github.com/adaptlearning/adapt_framework/issues/new?title=contrib-accordion%3A%20please%20enter%20a%20brief%20summary%20of%20the%20issue%20here&body=please%20provide%20a%20full%20description%20of%20the%20problem,%20including%20steps%20on%20how%20to%20replicate,%20what%20browser(s)/device(s)%20the%20problem%20occurs%20on%20and,%20where%20helpful,%20screenshots.",
  "description": "An accordion component that displays clickable titles, which reveal display text",
  "main": "/js/adapt-contrib-accordion.js",
  "displayName": "Accordion",
  "component": "accordion",
  "keywords": [
    "adapt-plugin",
    "adapt-component"
  ],
  "license": "GPLv3",
  "_release": "2.1.2",
  "_resolution": {
    "type": "version",
    "tag": "v2.1.2",
    "commit": "a18591d44d3459f10232118035362f27b9ffba6f"
  },
  "_source": "git://github.com/adaptlearning/adapt-contrib-accordion.git",
  "_target": "2.1.2",
  "_originalSource": "adapt-contrib-accordion",
  "_direct": true
}