{
  "name": "adapt-contrib-spoor",
  "version": "2.1.3",
  "framework": ">=2.0.16",
  "homepage": "https://github.com/adaptlearning/adapt-contrib-spoor",
  "issues": "https://github.com/adaptlearning/adapt_framework/issues/new?title=contrib-spoor%3A%20please%20enter%20a%20brief%20summary%20of%20the%20issue%20here&body=please%20provide%20a%20full%20description%20of%20the%20problem,%20including%20steps%20on%20how%20to%20replicate,%20what%20browser(s)/device(s)%20the%20problem%20occurs%20on%20and,%20where%20helpful,%20the%20contents%20of%20the%20SCORM%20debug%20window.",
  "displayName": "Spoor",
  "extension": "spoor",
  "description": "An extension which allows basic SCORM tracking",
  "main": "/js/adapt-contrib-spoor.js",
  "keywords": [
    "adapt-plugin",
    "adapt-extension"
  ],
  "license": "GPLv3",
  "targetAttribute": "_spoor",
  "_release": "2.1.3",
  "_resolution": {
    "type": "version",
    "tag": "v2.1.3",
    "commit": "8cf72154910d041951c9d649d26e5ced408a1ade"
  },
  "_source": "git://github.com/adaptlearning/adapt-contrib-spoor.git",
  "_target": "2.1.3",
  "_originalSource": "adapt-contrib-spoor",
  "_direct": true
}