{
  "name": "adapt-contrib-resources",
  "version": "2.1.3",
  "framework": ">=2.2",
  "homepage": "https://github.com/adaptlearning/adapt-contrib-resources",
  "issues": "https://github.com/adaptlearning/adapt_framework/issues/new",
  "displayName": "Resources",
  "extension": "resources",
  "description": "An extension to allow learners to view resources",
  "main": "/js/adapt-contrib-resources.js",
  "keywords": [
    "adapt-plugin",
    "adapt-extension"
  ],
  "license": "GPLv3",
  "targetAttribute": "_resources",
  "_release": "2.1.3",
  "_resolution": {
    "type": "version",
    "tag": "v2.1.3",
    "commit": "a8689dd696e5cd391936808b20e314eca8e5913e"
  },
  "_source": "git://github.com/adaptlearning/adapt-contrib-resources.git",
  "_target": "2.1.3",
  "_originalSource": "adapt-contrib-resources",
  "_direct": true
}