{
  "name": "adapt-contrib-gmcq",
  "version": "3.0.0",
  "framework": ">=2.0.11",
  "homepage": "https://github.com/adaptlearning/adapt-contrib-gmcq",
  "issues": "https://github.com/adaptlearning/adapt_framework/issues/new?title=contrib-gmcq%3A%20please%20enter%20a%20brief%20summary%20of%20the%20issue%20here&body=please%20provide%20a%20full%20description%20of%20the%20problem,%20including%20steps%20on%20how%20to%20replicate,%20what%20browser(s)/device(s)%20the%20problem%20occurs%20on%20and,%20where%20helpful,%20screenshots.",
  "displayName": "Graphical Multiple Choice Question",
  "component": "gmcq",
  "description": "A multiple choice question component, with images",
  "main": "/js/adapt-contrib-gmcq.js",
  "keywords": [
    "adapt-plugin",
    "adapt-component"
  ],
  "license": "GPLv3",
  "_release": "3.0.0",
  "_resolution": {
    "type": "version",
    "tag": "v3.0.0",
    "commit": "7229f2ad07b543252a1d4038ad46bae3500f1430"
  },
  "_source": "git://github.com/adaptlearning/adapt-contrib-gmcq.git",
  "_target": "3.0.0",
  "_originalSource": "adapt-contrib-gmcq",
  "_direct": true
}