{
  "name": "adapt-contrib-textInput",
  "version": "2.2.0",
  "framework": ">=2.0.11",
  "homepage": "https://github.com/adaptlearning/adapt-contrib-textInput",
  "issues": "https://github.com/adaptlearning/adapt_framework/issues/new",
  "description": "A question component that allows the learner to input text based upon a question stem.",
  "main": "/js/adapt-contrib-textInput.js",
  "displayName": "Text Input",
  "component": "textinput",
  "keywords": [
    "adapt-plugin",
    "adapt-component"
  ],
  "license": "GPLv3",
  "_release": "2.2.0",
  "_resolution": {
    "type": "version",
    "tag": "v2.2.0",
    "commit": "06e631e3b0a7a46445a12db4e358925e0f3d78d0"
  },
  "_source": "git://github.com/adaptlearning/adapt-contrib-textInput.git",
  "_target": "2.2.0",
  "_originalSource": "adapt-contrib-textInput",
  "_direct": true
}