{
  "name": "adapt-contrib-media",
  "version": "2.1.1",
  "framework": ">=2.0.13",
  "homepage": "https://github.com/adaptlearning/adapt-contrib-media",
  "issues": "https://github.com/adaptlearning/adapt_framework/issues/new?title=contrib-media%3A%20please%20enter%20a%20brief%20summary%20of%20the%20issue%20here&body=please%20provide%20a%20full%20description%20of%20the%20problem,%20including%20steps%20on%20how%20to%20replicate,%20what%20browser(s)/device(s)%20the%20problem%20occurs%20on%20and,%20where%20helpful,%20screenshots.",
  "displayName": "Media",
  "component": "media",
  "assetFields": [
    "_media.ogv",
    "_media.mp4",
    "_media.poster"
  ],
  "description": "Playback of video and audio with a Flash Player fallback for IE8+",
  "main": "/js/adapt-contrib-media.js",
  "keywords": [
    "adapt-plugin",
    "adapt-component"
  ],
  "license": "GPLv3",
  "_release": "2.1.1",
  "_resolution": {
    "type": "version",
    "tag": "v2.1.1",
    "commit": "0f59726e6d281735a0a31d2c0abf2613679d1bde"
  },
  "_source": "git://github.com/adaptlearning/adapt-contrib-media.git",
  "_target": "2.1.1",
  "_originalSource": "adapt-contrib-media",
  "_direct": true
}